{
  "name": "bpmn-js",
  "version": "0.20.5",
  "authors": [
    "bpmn.io"
  ],
  "description": "A BPMN 2.0 renderer and web modeler",
  "main": "dist/bpmn-viewer.js",
  "keywords": [
    "models",
    "diagram",
    "renderer",
    "modeler",
    "bpmn"
  ],
  "ignore": [
    "test/*"
  ],
  "homepage": "http://bpmn.io",
  "_release": "0.20.5",
  "_resolution": {
    "type": "version",
    "tag": "v0.20.5",
    "commit": "67204ac39bd6fc524dd6f640da68da606b9ccf46"
  },
  "_source": "https://github.com/bpmn-io/bower-bpmn-js.git",
  "_target": "^0.20.5",
  "_originalSource": "bpmn-js",
  "_direct": true
}